,id,street_name,city_name,road_class,pruid,prname,cmapuid,cmaname,road_length,large_city,business_count,per_business_density,per_civic_density,per_employment_density,per_business_independence_index,per_population_change,per_population_density,per_visible_minorities,per_indigenous,per_immigrants_non_permanent_residents,per_average_employment_income,per_pre1960,per_61_00,per_00_23,Detached_Housing,Mid_Density,Highrise_Apt,per_surface_Parking_lots,per_surface_Parking_area,Not-Eligible,civic_count,surface_Parking_lots,surface_Parking_area,gas_stations,Commercial,Mixed-Use,Residential,total_sites
1,79466,Ellice Avenue,Winnipeg,Collector,46,Manitoba,46602,Winnipeg,74.79009664,1,8,0.90309499,0.275141012,0.786402124,1,0.177912224,0.961026832,0.960797195,0.929068096,0.942708096,0.037642161,0.965130575,0.100050873,0.293136341,0.549050365,0.673393251,0.53147787,0.630511277,0.630511277,20,0,0,0,0,3,13,118,134
2,79859,Ellice Avenue,Winnipeg,Collector,46,Manitoba,46602,Winnipeg,104.7102158,1,11,0.900162477,0.946356155,0.657965999,1,0.197673418,0.960587542,0.961356585,0.930772283,0.946519751,0.038109539,0.939269968,0.128391555,0.35121672,0.432995591,0.774101238,0.563761235,0.83970663,0.732130744,118,8,2,1363.358594,0,35,12,137,194
3,95779,Ellice Avenue,Winnipeg,Collector,46,Manitoba,46602,Winnipeg,635.2490665,1,28,0.679920215,0.534443813,0.598655271,0.484142914,0.174260031,0.952569684,0.956452169,0.923412407,0.93763131,0.050785096,0.991796676,0.079425979,0.08254197,0.743852807,0.423350856,0.481113278,0.630511277,0.630511277,78,7,0,0,1,32,34,782,856
4,31757,1 Avenue North-East,Calgary,Collector,48,Alberta,48825,Calgary,1587.733766,1,56,0.600504604,0.862581404,0.578378664,0.511312152,0.748097048,0.919294272,0.899374915,0.518063081,0.898457776,0.936622216,0.485479905,0.240715618,0.811747499,0.307423266,0.781795828,0.67195184,0.975538409,0.90876717,159,67,11,9968.73326,1,76,72,437,664
5,197566,Lancaster Street West,City Of Kitchener,Arterial,35,Ontario,35541,Kitchener - Cambridge - Waterloo,644.2664829,1,13,0.410406457,0.449929329,0.38001136,1,0.628410866,0.888013563,0.687434548,0.37349664,0.720744248,0.585415817,0.978315245,0.148910463,0.073745125,0.768017636,0.436450738,0.415592674,0.989570968,0.921209937,53,5,17,11688.07722,0,17,31,316,386
6,118659,Montreal Road,City Of Ottawa,Arterial,35,Ontario,35505,Ottawa - Gatineau (Ontario part / partie de l'Ontario),73.18065983,1,10,0.936026313,0.759507549,0.955616026,0.166900843,0.699228981,0.955286775,0.835282524,0.665793976,0.839536487,0.763645946,0.791164999,0.335340003,0.456672885,0.306956927,0.809860946,0.646811938,0.630511277,0.630511277,2,2,0,0,0,1,0,24,27
7,187365,Chemin De Montreal,City Of Ottawa,Arterial,35,Ontario,35505,Ottawa - Gatineau (Ontario part / partie de l'Ontario),105.4724601,1,9,0.861947347,0.769190125,0.746205566,0.436284911,0.664914352,0.949794022,0.84167973,0.697858058,0.830748867,0.6539215,0.791016619,0.618577243,0.106643208,0.309521791,0.867856537,0.575652874,0.77111243,0.704659149,83,3,1,950.744537,0,11,1,87,103
8,188450,Chemin De Montreal,City Of Ottawa,Arterial,35,Ontario,35505,Ottawa - Gatineau (Ontario part / partie de l'Ontario),301.9634913,1,13,0.672628562,0.580056273,0.752797115,0.404986523,0.671474773,0.953087071,0.842850545,0.660183818,0.835757355,0.724479006,0.787794641,0.488150755,0.30206037,0.309437002,0.826076819,0.629260641,0.981431236,0.919747329,93,4,13,11470.61965,0,8,3,59,87
9,188525,Chemin De Montreal,City Of Ottawa,Arterial,35,Ontario,35505,Ottawa - Gatineau (Ontario part / partie de l'Ontario),287.469582,1,15,0.734686868,0.645681149,0.673857047,0.307134255,0.717182524,0.959006098,0.85075355,0.638679841,0.850675495,0.711170334,0.629006274,0.689778701,0.349669323,0.214473461,0.517975242,0.83330507,0.928120231,0.859356452,34,5,5,5516.929774,2,9,7,44,72
