Geography,2021,2022,2023,2024,2025
Alberta,"4,431,531","4,512,731","4,688,576","4,909,030","5,029,346"
"Census subdivisions with 5,000-plus population, Alberta","4,094,093","4,174,486","4,348,318","4,565,436","4,683,042"
"Calgary (CY), Alberta","1,356,293","1,395,672","1,479,763","1,573,009","1,612,834"
"Edmonton (CY), Alberta","1,050,945","1,074,178","1,127,183","1,197,771","1,238,295"
"Red Deer (CY), Alberta","104,361","105,176","108,928","113,145","115,409"
"Strathcona County (SM), Alberta","102,426","103,259","104,104","105,876","107,345"
"Lethbridge (CY), Alberta","102,097","103,978","107,042","111,776","113,671"
"Airdrie (CY), Alberta","77,079","80,168","83,850","88,692","92,544"
"Wood Buffalo (SM), Alberta","75,282","75,096","76,854","80,780","81,611"
"St. Albert (CY), Alberta","70,389","70,720","71,859","73,459","74,621"
"Grande Prairie (CY), Alberta","66,586","65,600","67,223","69,575","71,160"
"Medicine Hat (CY), Alberta","65,266","65,287","66,215","68,131","68,714"
"Rocky View County (MD), Alberta","42,378","43,731","45,102","46,706","50,260"
"Spruce Grove (CY), Alberta","39,068","40,005","41,032","42,794","44,575"
"Leduc (CY), Alberta","35,368","36,054","37,196","38,798","39,966"
"Cochrane (T), Alberta","33,295","34,720","36,327","38,100","39,397"
"Parkland County (MD), Alberta","33,151","33,312","33,484","33,897","34,286"
"Okotoks (T), Alberta","31,386","31,926","32,529","33,181","33,482"
"Fort Saskatchewan (CY), Alberta","28,567","28,994","29,303","29,900","30,575"
"Grande Prairie County No. 1 (MD), Alberta","24,550","24,731","25,020","25,514","25,883"
"Foothills County (MD), Alberta","23,851","24,122","24,568","25,212","25,789"
"Chestermere (CY), Alberta","23,005","24,345","26,280","28,997","31,671"
"Beaumont (CY), Alberta","21,688","22,288","23,261","24,742","26,305"
"Sturgeon County (MD), Alberta","20,733","20,902","20,935","21,130","21,144"
"Red Deer County (MD), Alberta","20,555","20,917","21,331","21,782","22,076"
"Lloydminster (Part) (CY), Alberta","20,423","20,447","20,722","21,159","21,267"
"Camrose (CY), Alberta","19,361","19,620","20,142","20,671","20,800"
"Stony Plain (T), Alberta","18,556","18,749","19,081","19,424","19,662"
"Canmore (T), Alberta","16,629","16,813","17,171","17,574","17,341"
"Sylvan Lake (T), Alberta","16,597","16,957","17,103","17,506","17,897"
"Cold Lake (CY), Alberta","16,345","16,363","16,935","17,734","17,798"
"Brooks (CY), Alberta","15,436","15,361","16,042","16,960","17,537"
"Leduc County (MD), Alberta","14,886","15,114","15,408","15,672","16,400"
"Strathmore (T), Alberta","14,831","15,295","15,724","16,136","16,416"
"High River (T), Alberta","14,740","15,001","15,279","15,496","15,508"
"Lacombe (CY), Alberta","13,827","14,127","14,299","14,586","14,733"
"Mountain View County (MD), Alberta","13,368","13,322","13,542","13,751","14,802"
"Mackenzie County (SM), Alberta","13,279","13,558","13,741","14,143","14,488"
"Bonnyville No. 87 (MD), Alberta","13,250","13,157","12,982","13,109","13,265"
"Wetaskiwin (CY), Alberta","12,957","12,966","13,160","13,498","13,703"
"Clearwater County (MD), Alberta","12,216","12,023","11,949","11,875","11,856"
"Lac Ste. Anne County (MD), Alberta","11,629","11,885","12,092","12,487","12,639"
"Wetaskiwin County No. 10 (MD), Alberta","11,514","11,531","11,645","11,832","12,117"
"Blackfalds (T), Alberta","11,084","11,364","11,672","12,002","12,258"
"Morinville (T), Alberta","10,753","10,762","10,761","10,819","10,763"
"Yellowhead County (MD), Alberta","10,722","10,790","10,890","10,992","10,966"
"Lacombe County (MD), Alberta","10,598","10,603","10,796","10,922","11,072"
"Lethbridge County (MD), Alberta","10,463","10,534","10,660","10,827","10,988"
"Ponoka County (MD), Alberta","10,314","10,371","10,357","10,469","10,670"
"Whitecourt (T), Alberta","10,308","10,081","10,186","10,440","10,708"
"Hinton (T), Alberta","10,170","9,929","9,905","10,092","10,124"
"Olds (T), Alberta","9,473","9,606","9,661","10,003","9,653"
"Taber (T), Alberta","9,177","9,328","9,660","9,892","10,175"
"Coaldale (T), Alberta","9,073","9,182","9,309","9,475","9,644"
"Wheatland County (MD), Alberta","8,997","9,246","9,528","9,796","10,150"
"Greenview No. 16 (MD), Alberta","8,868","8,874","8,745","8,835","8,984"
"Camrose County (MD), Alberta","8,746","8,817","8,806","8,914","8,951"
"Edson (T), Alberta","8,655","8,399","8,508","8,640","8,692"
"Banff (T), Alberta","8,574","9,340","10,376","11,180","11,402"
"Lac la Biche County (SM), Alberta","8,365","8,309","8,302","8,484","8,580"
"Vermilion River County (MD), Alberta","8,272","8,310","8,207","8,214","8,282"
"Innisfail (T), Alberta","8,224","8,339","8,518","8,731","8,736"
"Drumheller (T), Alberta","8,176","8,231","8,363","8,375","8,439"
"Cypress County (MD), Alberta","7,751","7,785","7,788","7,818","7,855"
"Taber (MD), Alberta","7,697","7,752","7,857","7,962","8,009"
"Newell County (MD), Alberta","7,669","7,716","7,739","7,762","7,846"
"Ponoka (T), Alberta","7,559","7,723","7,957","8,011","8,212"
"Drayton Valley (T), Alberta","7,545","7,481","7,675","7,939","8,047"
"Brazeau County (MD), Alberta","7,410","7,427","7,441","7,566","7,685"
"Westlock County (MD), Alberta","7,385","7,427","7,390","7,478","7,556"
"Athabasca County (MD), Alberta","7,153","7,098","7,139","7,195","7,280"
"Slave Lake (T), Alberta","7,109","6,933","6,949","7,151","7,334"
"Rocky Mountain House (T), Alberta","6,993","7,133","7,527","7,845","8,144"
"Wainwright (T), Alberta","6,860","6,744","6,768","6,928","6,996"
"Peace River (T), Alberta","6,853","6,741","6,874","7,120","7,220"
"Devon (T), Alberta","6,740","6,787","6,786","6,865","6,965"
"Bonnyville (T), Alberta","6,624","6,628","6,882","7,160","7,366"
"St. Paul County No. 19 (MD), Alberta","6,477","6,434","6,433","6,442","6,462"
"Willow Creek No. 26 (MD), Alberta","6,254","6,253","6,217","6,232","6,225"
"St. Paul (T), Alberta","6,052","5,808","5,899","6,057","6,218"
"Barrhead County No. 11 (MD), Alberta","6,047","6,089","6,055","6,116","6,186"
"Beaver County (MD), Alberta","6,044","6,101","6,060","6,175","6,245"
"Crowsnest Pass (SM), Alberta","5,880","5,906","6,074","6,225","6,011"
"Vegreville (T), Alberta","5,848","5,827","6,043","6,136","6,153"
"Stettler (T), Alberta","5,846","5,773","5,793","5,962","6,035"
"Stettler County No. 6 (MD), Alberta","5,831","5,764","5,868","5,930","5,966"
"Redcliff (T), Alberta","5,768","5,823","5,912","5,933","5,916"
"Didsbury (T), Alberta","5,219","5,172","5,185","5,212","5,185"
"Big Lakes County (MD), Alberta","5,132","5,054","5,040","5,026","5,106"
"Kneehill County (MD), Alberta","5,064","5,017","5,004","5,002","5,129"
"Carstairs (T), Alberta","5,055","5,181","5,192","5,215","5,248"
"Westlock (T), Alberta","5,053","5,024","5,155","5,291","5,363"
"Census subdivisions with population under 5,000, Alberta","337,438","338,245","340,258","343,594","346,304"
"Cardston County (MD), Alberta","4,987","4,924","4,873","4,897","4,938"
"Jasper (SM), Alberta","4,933","4,772","4,875","4,897","4,627"
"Blood 148 (IRI), Alberta","4,712","4,629","4,565","4,432","4,404"
"Woodlands County (MD), Alberta","4,691","4,694","4,679","4,714","4,778"
"Wainwright No. 61 (MD), Alberta","4,590","4,550","4,528","4,526","4,576"
"Barrhead (T), Alberta","4,437","4,503","4,542","4,624","4,768"
"Warner County No. 5 (MD), Alberta","4,423","4,403","4,455","4,455","4,533"
"Vulcan County (MD), Alberta","4,400","4,359","4,364","4,381","4,465"
"Raymond (T), Alberta","4,334","4,455","4,505","4,526","4,594"
"Northern Lights County (MD), Alberta","4,248","4,154","4,108","4,114","4,115"
"Vermilion (T), Alberta","4,078","3,982","4,069","4,151","4,192"
"High Level (T), Alberta","4,051","3,940","3,991","4,165","4,390"
"Smoky Lake County (MD), Alberta","3,983","3,981","3,952","3,979","4,043"
"Saddle Lake 125 (IRI), Alberta","3,912","3,903","3,862","3,879","3,871"
"Claresholm (T), Alberta","3,895","3,954","4,001","4,131","4,242"
"Stoney 142, 143, 144 (IRI), Alberta","3,881","3,864","3,922","3,969","3,939"
"Lamont County (MD), Alberta","3,855","3,849","3,871","3,891","3,918"
"Cardston (T), Alberta","3,822","3,845","3,867","3,912","3,863"
"Flagstaff County (MD), Alberta","3,794","3,731","3,707","3,673","3,724"
"Pincher Creek (T), Alberta","3,728","3,775","3,858","3,904","3,890"
"Crossfield (T), Alberta","3,727","3,889","3,941","4,049","4,075"
"Forty Mile County No. 8 (MD), Alberta","3,725","3,776","3,831","3,828","3,927"
"Siksika 146 (IRI), Alberta","3,688","3,657","3,650","3,613","3,645"
"Penhold (T), Alberta","3,640","3,679","3,701","3,731","3,812"
"Two Hills County No. 21 (MD), Alberta","3,514","3,575","3,553","3,594","3,626"
"Opportunity No. 17 (MD), Alberta","3,500","3,423","3,413","3,513","3,592"
"Fort Macleod (T), Alberta","3,402","3,501","3,623","3,799","3,945"
"Samson 137 (IRI), Alberta","3,365","3,391","3,397","3,426","3,427"
"Gibbons (T), Alberta","3,332","3,305","3,294","3,305","3,352"
"Pincher Creek No. 9 (MD), Alberta","3,329","3,339","3,332","3,266","3,176"
"Three Hills (T), Alberta","3,264","3,317","3,417","3,457","3,502"
"Thorhild County (MD), Alberta","3,128","3,089","3,112","3,086","3,147"
"Minburn County No. 27 (MD), Alberta","3,102","3,069","3,125","3,131","3,142"
"Clear Hills (MD), Alberta","3,100","3,081","3,085","3,107","3,110"
"Coalhurst (T), Alberta","2,994","3,106","3,167","3,227","3,244"
"Lesser Slave River No. 124 (MD), Alberta","2,941","2,895","2,921","2,965","2,980"
"Fairview (T), Alberta","2,912","2,913","2,876","2,896","2,918"
"Athabasca (T), Alberta","2,842","2,828","2,900","2,910","2,887"
"Black Diamond (T), Alberta","2,804","2,825","2,902","2,916","2,910"
"Sundre (T), Alberta","2,751","2,743","2,731","2,733","2,683"
"Grimshaw (T), Alberta","2,687","2,651","2,598","2,654","2,799"
"Turner Valley (T), Alberta","2,686","2,768","2,776","2,789","2,784"
"Fox Lake 162 (IRI), Alberta","2,588","2,639","2,678","2,709","2,745"
"Magrath (T), Alberta","2,560","2,521","2,529","2,537","2,566"
"Rimbey (T), Alberta","2,534","2,517","2,563","2,574","2,502"
"Sexsmith (T), Alberta","2,511","2,505","2,454","2,494","2,561"
"Hanna (T), Alberta","2,472","2,491","2,522","2,597","2,665"
"High Prairie (T), Alberta","2,463","2,476","2,459","2,589","2,607"
"Saddle Hills County (MD), Alberta","2,414","2,464","2,484","2,503","2,449"
"Tsuu T'ina Nation 145 (IRI), Alberta","2,381","2,414","2,465","2,503","2,583"
"Beaverlodge (T), Alberta","2,342","2,371","2,371","2,458","2,454"
"Ermineskin 138 (IRI), Alberta","2,340","2,308","2,296","2,231","2,359"
"Calmar (T), Alberta","2,264","2,286","2,327","2,341","2,345"
"Nanton (T), Alberta","2,221","2,274","2,299","2,449","2,522"
"Redwater (T), Alberta","2,189","2,185","2,186","2,212","2,301"
"Provost No. 52 (MD), Alberta","2,123","2,126","2,114","2,088","2,092"
"Bow Island (T), Alberta","2,106","2,129","2,138","2,176","2,310"
"Tofield (T), Alberta","2,104","2,113","2,138","2,126","2,122"
"Paintearth County No. 18 (MD), Alberta","2,046","2,058","2,028","1,995","2,014"
"Picture Butte (T), Alberta","2,008","2,131","2,277","2,369","2,380"
"Smoky River No. 130 (MD), Alberta","1,960","1,906","1,890","1,895","1,941"
"Provost (T), Alberta","1,957","1,927","1,897","1,920","1,875"
"Millet (T), Alberta","1,951","1,924","1,958","1,979","1,967"
"Special Area No. 2 (SA), Alberta","1,899","1,927","1,940","1,898","1,837"
"Enoch Cree Nation (IRI), Alberta","1,897","1,918","1,944","1,940","1,947"
"Starland County (MD), Alberta","1,876","1,828","1,831","1,808","1,820"
"Fox Creek (T), Alberta","1,850","1,843","1,886","1,924","2,013"
"Vulcan (T), Alberta","1,809","1,824","1,839","1,897","1,922"
"Lamont (T), Alberta","1,789","1,768","1,789","1,807","1,856"
"Northern Sunrise County (MD), Alberta","1,764","1,765","1,827","1,827","1,848"
"Valleyview (T), Alberta","1,724","1,694","1,728","1,782","1,807"
"Bighorn No. 8 (MD), Alberta","1,646","1,657","1,768","1,844","1,857"
"Fairview No. 136 (MD), Alberta","1,626","1,603","1,616","1,629","1,647"
"Piikani 147 (IRI), Alberta","1,626","1,600","1,555","1,541","1,529"
"Peace No. 135 (MD), Alberta","1,620","1,603","1,580","1,574","1,581"
"Birch Hills County (MD), Alberta","1,567","1,557","1,546","1,535","1,522"
"Bon Accord (T), Alberta","1,514","1,524","1,475","1,440","1,457"
"Wembley (T), Alberta","1,501","1,529","1,500","1,516","1,516"
"Nobleford (T), Alberta","1,495","1,561","1,628","1,650","1,694"
"Two Hills (T), Alberta","1,461","1,521","1,552","1,596","1,698"
"Elk Point (T), Alberta","1,442","1,455","1,438","1,458","1,481"
"Bruderheim (T), Alberta","1,379","1,392","1,403","1,419","1,439"
"Mayerthorpe (T), Alberta","1,379","1,361","1,362","1,389","1,419"
"Louis Bull 138B (IRI), Alberta","1,370","1,382","1,377","1,394","1,394"
"Sturgeon Lake 154 (IRI), Alberta","1,334","1,339","1,325","1,329","1,326"
"Vauxhall (T), Alberta","1,330","1,384","1,414","1,442","1,451"
"Bowden (T), Alberta","1,323","1,297","1,309","1,316","1,315"
"Legal (T), Alberta","1,276","1,295","1,282","1,293","1,253"
"Special Area No. 4 (SA), Alberta","1,263","1,240","1,253","1,242","1,171"
"Bassano (T), Alberta","1,250","1,255","1,304","1,348","1,381"
"Swan Hills (T), Alberta","1,239","1,301","1,338","1,369","1,430"
"Irricana (T), Alberta","1,221","1,233","1,238","1,255","1,240"
"Stirling (VL), Alberta","1,205","1,209","1,243","1,312","1,350"
"Special Area No. 3 (SA), Alberta","1,174","1,096","1,079","1,049","1,043"
"Manning (T), Alberta","1,161","1,149","1,148","1,136","1,153"
"White Fish Lake 128 (IRI), Alberta","1,130","1,125","1,115","1,118","1,122"
"Alexander 134 (IRI), Alberta","1,112","1,112","1,116","1,123","1,139"
"Duchess (VL), Alberta","1,089","1,114","1,085","1,061","1,045"
"Bentley (T), Alberta","1,074","1,101","1,101","1,118","1,153"
"Kehewin 123 (IRI), Alberta","1,065","1,055","1,050","1,056","1,064"
"Smoky Lake (T), Alberta","1,052","1,074","1,086","1,149","1,159"
"Eckville (T), Alberta","1,048","1,080","1,107","1,115","1,088"
"Improvement District No. 9 Banff (ID), Alberta","1,047","1,064","1,108","1,129","1,144"
"Falher (T), Alberta","1,037","1,034","1,050","1,096","1,084"
"Trochu (T), Alberta","1,024","1,030","1,056","1,178","1,191"
"Spirit River (T), Alberta","1,022",998,"1,013",987,927
"Wabamun 133A (IRI), Alberta","1,018","1,014","1,014","1,005","1,005"
"Viking (T), Alberta","1,012",994,967,972,964
"Barnwell (VL), Alberta","1,008","1,026","1,044","1,063","1,073"
"Thorsby (T), Alberta",998,"1,003",992,981,928
"Onoway (T), Alberta",995,"1,020",998,992,957
"Hay Lake 209 (IRI), Alberta",992,975,956,942,942
"Delburne (VL), Alberta",948,952,936,954,949
"Oyen (T), Alberta",946,931,952,946,961
"Killam (T), Alberta",943,926,935,915,887
"Unipouheos 121 (IRI), Alberta",903,914,917,915,932
"Coronation (T), Alberta",888,908,906,897,885
"Alberta Beach (VL), Alberta",887,870,854,841,806
"Kitscoty (VL), Alberta",881,887,902,922,926
"Hythe (VL), Alberta",875,889,899,917,930
"Bashaw (T), Alberta",868,880,893,905,905
"Boyle (VL), Alberta",849,848,848,849,859
"Milk River (T), Alberta",844,852,844,844,826
"O'Chiese 203 (IRI), Alberta",834,843,854,857,856
"Utikoomak Lake 155 (IRI), Alberta",832,826,834,844,851
"Forestburg (VL), Alberta",827,856,846,835,833
"Castor (T), Alberta",824,864,865,888,876
"Mundare (T), Alberta",812,867,883,871,875
"Clive (VL), Alberta",811,836,862,889,907
"Daysland (T), Alberta",810,838,857,883,902
"Alexis 133 (IRI), Alberta",800,799,804,813,814
"Drift Pile River 150 (IRI), Alberta",800,794,793,796,791
"Alix (VL), Alberta",796,817,822,860,877
"Mannville (VL), Alberta",787,797,774,812,829
"Sedgewick (T), Alberta",787,771,781,797,793
"Beiseker (VL), Alberta",774,797,800,792,787
"Linden (VL), Alberta",768,784,839,900,881
"Improvement District No. 24 Wood Buffalo (ID), Alberta",739,760,783,777,799
"Spring Lake (VL), Alberta",733,762,773,769,772
"John D'Or Prairie 215 (IRI), Alberta",730,742,753,779,811
"Sucker Creek 150A (IRI), Alberta",726,717,719,734,734
"McLennan (T), Alberta",715,719,705,728,729
"Warburg (VL), Alberta",695,702,695,684,684
"Cold Lake 149 (IRI), Alberta",687,687,682,687,688
"Woodland Cree 226 (IRI), Alberta",678,675,669,685,705
"Sunchild 202 (IRI), Alberta",668,658,661,660,660
"Consort (VL), Alberta",666,667,659,669,707
"Spirit River No. 133 (MD), Alberta",666,669,653,664,680
"Wabasca 166D (IRI), Alberta",661,667,667,665,662
"Fort Mckay 174 (IRI), Alberta",643,639,639,671,671
"Eden Valley 216 (IRI), Alberta",625,628,623,621,620
"Montana 139 (IRI), Alberta",619,621,623,626,628
"Acme (VL), Alberta",617,628,640,653,651
"Berwyn (VL), Alberta",595,598,589,593,599
"Breton (VL), Alberta",583,576,569,553,549
"Puskiakiwenin 122 (IRI), Alberta",583,582,593,597,599
"Wabasca 166A (IRI), Alberta",575,574,575,585,584
"Rycroft (VL), Alberta",568,574,602,618,629
"Marwayne (VL), Alberta",566,565,576,551,547
"Hardisty (T), Alberta",564,573,593,622,628
"Stavely (T), Alberta",558,560,562,563,577
"Glendon (VL), Alberta",533,513,512,515,476
"Foremost (VL), Alberta",517,526,540,546,559
"Loon Lake 235 (IRI), Alberta",509,493,489,499,503
"Acadia No. 34 (MD), Alberta",508,491,482,478,489
"Rainbow Lake (T), Alberta",508,502,474,450,421
"Bushe River 207 (IRI), Alberta",507,502,502,503,504
"Carbon (VL), Alberta",506,519,533,534,551
"Horse Lakes 152B (IRI), Alberta",504,505,509,516,517
"Ryley (VL), Alberta",497,506,509,489,486
"Irma (VL), Alberta",492,500,517,492,488
"Caroline (VL), Alberta",489,498,506,513,470
"Hay Lakes (VL), Alberta",468,458,448,438,430
"Little Buffalo (S-É), Alberta",455,446,452,455,456
"Cremona (VL), Alberta",453,457,461,465,486
"Clyde (VL), Alberta",428,403,394,403,419
"Bawlf (VL), Alberta",425,428,421,400,390
"Beaver Lake 131 (IRI), Alberta",416,409,404,405,409
"Swan River 150E (IRI), Alberta",413,424,432,430,424
"Rockyford (VL), Alberta",407,412,409,421,421
"Edgerton (VL), Alberta",397,408,403,397,383
"Upper Hay River 212 (IRI), Alberta",391,389,380,376,375
"Rosemary (VL), Alberta",383,381,379,377,374
"Nampa (VL), Alberta",381,395,410,426,430
"Andrew (VL), Alberta",374,378,376,403,414
"Janvier 194 (IRI), Alberta",373,373,373,376,376
"Warner (VL), Alberta",371,366,374,386,400
"Standard (VL), Alberta",362,368,381,383,384
"Champion (VL), Alberta",361,379,399,438,453
"Donnelly (VL), Alberta",349,347,345,343,350
"Holden (VL), Alberta",346,352,342,368,381
"Hines Creek (VL), Alberta",345,350,359,359,355
"Big Valley (VL), Alberta",339,336,333,330,318
"Barons (VL), Alberta",324,325,326,327,334
"Chauvin (VL), Alberta",313,299,289,290,284
"Norglenwold (SV), Alberta",313,320,327,334,339
"Longview (VL), Alberta",306,307,308,309,304
"Pigeon Lake 138A (IRI), Alberta",299,298,302,306,310
"Elnora (VL), Alberta",294,305,308,313,307
"Tall Cree 173 (IRI), Alberta",293,292,293,292,294
"Girouxville (VL), Alberta",287,287,291,300,311
"Sandy Beach (SV), Alberta",285,284,281,287,291
"Glenwood (VL), Alberta",278,285,292,294,294
"Carmangay (VL), Alberta",274,284,287,291,297
"Vilna (VL), Alberta",274,275,274,272,269
"Myrnam (VL), Alberta",263,256,249,242,246
"Sunset Point (SV), Alberta",263,265,267,269,270
"Czar (VL), Alberta",257,264,271,279,281
"Waskatenau (VL), Alberta",256,272,289,307,324
"Chipman (VL), Alberta",253,269,278,283,286
"Golden Days (SV), Alberta",253,251,250,252,257
"Big Horn 144A (IRI), Alberta",248,248,248,248,248
"Seba Beach (SV), Alberta",232,233,236,242,244
"Donalda (VL), Alberta",231,233,235,237,239
"Lougheed (VL), Alberta",231,230,229,228,224
"Gull Lake (SV), Alberta",230,239,249,259,274
"Coutts (VL), Alberta",228,233,244,259,260
"West Cove (SV), Alberta",228,246,265,286,313
"Amisk (VL), Alberta",225,223,226,215,210
"Bittern Lake (VL), Alberta",222,226,226,224,224
"Cowley (VL), Alberta",222,216,219,210,209
"Veteran (VL), Alberta",220,218,222,224,230
"Heart Lake 167 (IRI), Alberta",219,218,217,216,218
"Hughenden (VL), Alberta",219,215,211,207,203
"Jarvis Bay (SV), Alberta",219,223,224,222,224
"Silver Sands (SV), Alberta",219,227,235,243,244
"Birchcliff (SV), Alberta",216,233,252,272,301
"Jean Baptiste Gambler 183 (IRI), Alberta",216,215,216,216,214
"Morrin (VL), Alberta",211,209,217,224,231
"Gregoire Lake 176 (IRI), Alberta",210,210,210,239,245
"Tall Cree 173A (IRI), Alberta",209,210,211,212,215
"Arrowwood (VL), Alberta",194,196,198,200,197
"Innisfree (VL), Alberta",191,193,194,201,205
"Cold Lake 149B (IRI), Alberta",186,187,185,185,185
"Lomond (VL), Alberta",184,191,199,207,224
"Wabasca 166C (IRI), Alberta",183,183,183,186,186
"Child Lake 164A (IRI), Alberta",178,179,178,177,176
"Island Lake (SV), Alberta",178,171,164,163,164
"Makaoo (Part) 120 (IRI), Alberta",178,178,180,180,183
"White Sands (SV), Alberta",178,182,185,186,183
"Munson (VL), Alberta",176,183,185,182,180
"Youngstown (VL), Alberta",175,175,173,176,179
"Hill Spring (VL), Alberta",172,175,178,181,183
"Alliance (VL), Alberta",170,173,176,158,158
"Parkland Beach (SV), Alberta",170,168,172,175,175
"Hussar (VL), Alberta",169,167,165,179,192
"Rosalind (VL), Alberta",166,176,183,185,192
"Woodland Cree 228 (IRI), Alberta",166,166,164,164,164
"Kananaskis (ID), Alberta",163,152,142,134,127
"Wabasca 166 (IRI), Alberta",162,164,164,165,165
"Pelican Narrows (SV), Alberta",161,161,161,159,162
"Val Quentin (SV), Alberta",161,164,166,170,169
"Paradise Valley (VL), Alberta",158,158,158,181,205
"Sunrise Beach (SV), Alberta",157,160,163,166,166
"Delia (VL), Alberta",155,152,149,146,145
"Empress (VL), Alberta",152,159,167,175,179
"Grandview (SV), Alberta",145,153,160,172,181
"Heisler (VL), Alberta",138,136,134,132,129
"Improvement District No. 4 Waterton (ID), Alberta",138,140,142,144,141
"Gregoire Lake 176A (IRI), Alberta",134,134,134,132,132
"Sunbreaker Cove (SV), Alberta",132,131,136,136,137
"Whispering Hills (SV), Alberta",131,131,131,131,136
"Edberg (VL), Alberta",130,128,127,126,123
"Ma-Me-O Beach (SV), Alberta",129,127,125,144,146
"Ross Haven (SV), Alberta",129,126,123,120,120
"Bondiss (SV), Alberta",126,127,134,131,126
"Boyer 164 (IRI), Alberta",126,126,123,124,126
"Utikoomak Lake 155A (IRI), Alberta",123,125,126,126,151
"Desmarais (S-É), Alberta",121,118,115,117,122
"Yellowstone (SV), Alberta",121,119,117,115,117
"Allison Bay 219 (IRI), Alberta",117,117,117,117,117
"Duncan's 151A (IRI), Alberta",115,116,116,115,117
"Milo (VL), Alberta",114,119,123,127,157
"Poplar Bay (SV), Alberta",114,117,117,117,117
"Ranchland No. 66 (MD), Alberta",113,108,103,99,100
"Mewatha Beach (SV), Alberta",104,105,101,96,96
"Kapawe'no First Nation 229 (IRI), Alberta",101,100,98,99,99
"Rochon Sands (SV), Alberta",99,102,105,109,115
"Halkirk (VL), Alberta",95,95,95,95,93
"Wabasca 166B (IRI), Alberta",94,91,91,92,92
"Dog Head 218 (IRI), Alberta",87,87,86,89,89
"Horseshoe Bay (SV), Alberta",84,85,81,85,82
"Island Lake South (SV), Alberta",84,82,80,82,83
"Ghost Lake (SV), Alberta",83,83,82,75,75
"Nakamun Park (SV), Alberta",79,78,79,80,80
"Fort Vermilion 173B (IRI), Alberta",77,77,77,78,78
"Crystal Springs (SV), Alberta",75,76,76,76,82
"Norris Beach (SV), Alberta",73,69,68,70,71
"South View (SV), Alberta",73,71,72,74,74
"Bonnyville Beach (SV), Alberta",72,70,69,69,70
"South Baptiste (SV), Alberta",71,77,83,87,85
"Cold Lake 149A (IRI), Alberta",70,70,70,70,70
"Birch Cove (SV), Alberta",68,68,70,69,68
"Half Moon Bay (SV), Alberta",66,61,58,66,68
"Waiparous (SV), Alberta",58,58,62,64,65
"Silver Beach (SV), Alberta",56,56,54,54,54
"Sunset Beach (SV), Alberta",56,62,65,65,64
"Larkspur (SV), Alberta",54,56,54,53,53
"West Baptiste (SV), Alberta",47,45,45,48,48
"Kapawe'no First Nation 150B (IRI), Alberta",44,44,44,44,44
"Sawridge 150G (IRI), Alberta",42,40,40,40,40
"Sundance Beach (SV), Alberta",42,41,42,43,44
"Sturgeon Lake 154A (IRI), Alberta",40,40,40,40,40
"Argentia Beach (SV), Alberta",39,39,38,36,36
"Woodland Cree 227 (IRI), Alberta",31,31,32,32,32
"Itaska Beach (SV), Alberta",30,30,30,29,29
"Lakeview (SV), Alberta",29,28,29,29,26
"Thabacha Náre 196A (IRI), Alberta",29,29,29,29,29
"Betula Beach (SV), Alberta",28,28,25,26,25
"Kapasiwin (SV), Alberta",24,26,31,28,34
"Burnstick Lake (SV), Alberta",21,28,29,29,29
"Wabamun 133B (IRI), Alberta",21,22,22,23,23
"Samson 137A (IRI), Alberta",20,20,20,20,20
"Point Alison (SV), Alberta",18,18,19,19,19
"Peigan Timber Limit B (IRI), Alberta",17,17,17,27,30
"Thebathi 196 (IRI), Alberta",16,16,16,16,16
"Beaver Ranch 163 (IRI), Alberta",15,15,15,15,15
"Castle Island (SV), Alberta",15,15,15,17,17
"Improvement District No. 349 (ID), Alberta",15,15,15,15,15
"Stoney 142B (IRI), Alberta",11,11,11,11,11
"Sawridge 150H (IRI), Alberta",10,9,9,9,9
"Clear Hills 152C (IRI), Alberta",6,6,6,6,6
"Alexander 134B (IRI), Alberta",5,5,5,5,5
"Kapawe'no First Nation 150D (IRI), Alberta",5,5,5,6,6
"Kapawe'no First Nation 231 (IRI), Alberta",5,5,6,5,5
"Alexis Whitecourt 232 (IRI), Alberta",0,0,0,0,0
"Blood 148A (IRI), Alberta",0,0,0,0,0
"Carcajou 187 (S-É), Alberta",0,0,0,0,0
"Improvement District No. 12 Jasper Park (ID), Alberta",0,0,0,0,0
"Improvement District No. 13 Elk Island (ID), Alberta",0,0,0,0,0
"Improvement District No. 25 Willmore Wilderness (ID), Alberta",0,0,0,0,0
"Old Fort 217 (IRI), Alberta",0,0,0,0,0
"Peerless Trout 238 (IRI), Alberta",0,0,0,0,0
