Geography,Projection scenario LG: low-growth 3,Projection scenario M1: medium-growth 3,Projection scenario M2: medium-growth 3,Projection scenario M3: medium-growth 3,Projection scenario M4: medium-growth 3,Projection scenario M5: medium-growth 3,Projection scenario M6: medium-growth 3,Projection scenario HG: high-growth 3,Projection scenario SA: slow-aging 3,Projection scenario FA: fast-aging 3
"John D'Or Prairie 215, Alberta",254,299,303,277,280,253,322,328,321,264
"Forestburg, Alberta",504,570,574,540,544,515,611,632,608,531
"Special Area No. 3, Alberta",513,563,563,533,541,520,616,640,596,544
"Spirit River, Alberta",572,623,624,591,596,577,671,683,655,605
"White Fish Lake 128, Alberta",580,649,651,625,628,590,687,719,686,604
"Killam, Alberta",584,649,652,627,627,594,693,712,679,617
"Special Area No. 4, Alberta",604,673,686,648,652,619,737,765,741,623
"Hay Lake 209, Alberta",604,699,712,671,676,631,772,820,803,609
"Coronation, Alberta",678,765,769,736,739,696,825,854,827,704
"Alexis 133, Alberta",687,766,781,735,735,700,836,861,838,702
"Thorsby, Alberta",707,774,776,737,743,704,834,846,826,722
"Sturgeon Lake 154, Alberta",712,783,797,753,755,721,857,881,852,734
"Utikoomak Lake 155, Alberta",737,821,830,793,793,761,889,932,894,760
"Viking, Alberta",787,909,908,859,868,817,979,"1,034",987,834
"Duchess, Alberta",815,899,899,851,860,838,965,"1,008",953,867
"Milk River, Alberta",872,980,996,943,949,897,"1,062","1,112","1,076",911
"Oyen, Alberta",899,989,994,939,942,910,"1,068","1,089","1,048",940
"Legal, Alberta",908,"1,001","1,015",958,963,908,"1,079","1,102","1,072",940
"Manning, Alberta",932,"1,032","1,036",976,983,922,"1,100","1,139","1,097",967
"Special Area No. 2, Alberta",940,"1,064","1,077","1,018","1,019",970,"1,153","1,215","1,177",962
"Piikani 147, Alberta",970,"1,065","1,080","1,021","1,030",990,"1,162","1,197","1,156","1,003"
"Peace No. 135, Alberta",974,"1,067","1,079","1,029","1,029",980,"1,145","1,164","1,120","1,020"
"Castor, Alberta",977,"1,092","1,116","1,055","1,054","1,002","1,182","1,244","1,214",995
"Bon Accord, Alberta","1,003","1,104","1,122","1,060","1,067",999,"1,195","1,232","1,190","1,039"
"Provost, Alberta","1,015","1,144","1,157","1,096","1,104","1,045","1,232","1,285","1,253","1,053"
"Wembley, Alberta","1,016","1,147","1,161","1,097","1,106","1,035","1,235","1,296","1,265","1,047"
"Starland County, Alberta","1,021","1,120","1,132","1,080","1,085","1,044","1,221","1,256","1,207","1,063"
"Alexander 134, Alberta","1,033","1,143","1,151","1,100","1,105","1,042","1,228","1,269","1,221","1,061"
"Irricana, Alberta","1,053","1,164","1,178","1,127","1,132","1,073","1,265","1,314","1,259","1,091"
"Boyle, Alberta","1,089","1,270","1,279","1,205","1,211","1,155","1,390","1,486","1,432","1,137"
"Falher, Alberta","1,101","1,240","1,261","1,193","1,201","1,133","1,362","1,422","1,374","1,141"
"Louis Bull 138B, Alberta","1,107","1,232","1,257","1,192","1,194","1,119","1,344","1,388","1,346","1,133"
"Kehewin 123, Alberta","1,107","1,216","1,237","1,175","1,175","1,114","1,318","1,357","1,310","1,132"
"Bowden, Alberta","1,127","1,246","1,265","1,196","1,202","1,130","1,346","1,386","1,345","1,164"
"Onoway, Alberta","1,139","1,318","1,341","1,268","1,268","1,179","1,426","1,520","1,482","1,165"
"Improvement District No. 9 Banff, Alberta","1,139","1,235","1,242","1,175","1,178","1,150","1,312","1,342","1,245","1,236"
"Eckville, Alberta","1,170","1,330","1,351","1,274","1,289","1,216","1,445","1,534","1,494","1,196"
"Birch Hills County, Alberta","1,175","1,321","1,343","1,277","1,279","1,206","1,433","1,510","1,464","1,215"
"Alix, Alberta","1,195","1,334","1,349","1,276","1,287","1,231","1,447","1,508","1,438","1,250"
"Bashaw, Alberta","1,241","1,402","1,435","1,346","1,358","1,279","1,538","1,604","1,558","1,276"
"Paintearth County No. 18, Alberta","1,327","1,486","1,495","1,418","1,428","1,365","1,606","1,672","1,595","1,396"
"Bentley, Alberta","1,329","1,455","1,470","1,393","1,395","1,343","1,571","1,612","1,551","1,372"
"Provost No. 52, Alberta","1,340","1,499","1,517","1,435","1,441","1,375","1,629","1,681","1,627","1,401"
"Northern Sunrise County, Alberta","1,433","1,661","1,681","1,584","1,595","1,507","1,810","1,931","1,876","1,472"
"Smoky River No. 130, Alberta","1,470","1,622","1,632","1,557","1,561","1,497","1,761","1,806","1,735","1,541"
"Ermineskin 138, Alberta","1,488","1,781","1,817","1,710","1,718","1,599","1,951","2,129","2,094","1,511"
"Bruderheim, Alberta","1,517","1,708","1,729","1,634","1,647","1,550","1,859","1,933","1,871","1,571"
"Swan Hills, Alberta","1,595","1,828","1,847","1,740","1,750","1,652","1,970","2,084","2,017","1,658"
"Fairview No. 136, Alberta","1,655","1,840","1,852","1,754","1,764","1,698","1,985","2,061","1,958","1,741"
"Sexsmith, Alberta","1,694","1,908","1,947","1,835","1,848","1,731","2,082","2,168","2,108","1,728"
"Elk Point, Alberta","1,703","1,900","1,923","1,825","1,824","1,729","2,059","2,138","2,060","1,760"
"Magrath, Alberta","1,720","1,956","1,977","1,872","1,883","1,788","2,122","2,247","2,173","1,765"
"Vulcan, Alberta","1,727","1,949","1,979","1,874","1,882","1,778","2,117","2,223","2,144","1,786"
"Valleyview, Alberta","1,764","2,028","2,071","1,958","1,956","1,823","2,200","2,338","2,286","1,803"
"Trochu, Alberta","1,790","2,021","2,059","1,949","1,955","1,842","2,198","2,310","2,247","1,835"
"Lamont, Alberta","1,854","2,076","2,094","1,989","1,991","1,898","2,241","2,334","2,244","1,928"
"Smoky Lake, Alberta","1,917","2,183","2,221","2,091","2,103","1,982","2,370","2,506","2,414","1,993"
"Enoch Cree Nation, Alberta","1,920","2,148","2,182","2,067","2,074","1,950","2,324","2,413","2,347","1,978"
"Millet, Alberta","1,942","2,187","2,232","2,100","2,109","1,991","2,364","2,487","2,407","2,011"
"Calmar, Alberta","1,943","2,172","2,209","2,095","2,099","1,968","2,358","2,447","2,394","1,995"
"Mayerthorpe, Alberta","1,974","2,255","2,281","2,166","2,169","2,043","2,452","2,586","2,503","2,041"
"Vauxhall, Alberta","1,991","2,301","2,343","2,208","2,216","2,063","2,515","2,687","2,622","2,013"
"Bassano, Alberta","1,996","2,254","2,286","2,168","2,177","2,063","2,454","2,570","2,480","2,067"
"Rimbey, Alberta","1,997","2,226","2,237","2,119","2,138","2,039","2,409","2,500","2,414","2,065"
"Pincher Creek No. 9, Alberta","2,039","2,224","2,226","2,118","2,131","2,070","2,392","2,442","2,300","2,162"
"Blood 148, Alberta","2,054","2,312","2,334","2,206","2,222","2,114","2,511","2,627","2,535","2,127"
"Athabasca, Alberta","2,069","2,303","2,333","2,205","2,214","2,102","2,477","2,580","2,498","2,122"
"Clear Hills, Alberta","2,070","2,383","2,413","2,280","2,292","2,161","2,596","2,759","2,684","2,117"
"Fox Creek, Alberta","2,112","2,362","2,391","2,258","2,272","2,167","2,551","2,664","2,562","2,203"
"Beaverlodge, Alberta","2,119","2,384","2,417","2,289","2,297","2,170","2,583","2,678","2,601","2,192"
"Sundre, Alberta","2,142","2,346","2,369","2,254","2,259","2,151","2,527","2,580","2,473","2,243"
"Tofield, Alberta","2,155","2,427","2,464","2,327","2,337","2,209","2,639","2,745","2,669","2,224"
"Stirling, Alberta","2,156","2,486","2,532","2,393","2,401","2,240","2,711","2,890","2,832","2,194"
"Flagstaff County, Alberta","2,194","2,428","2,449","2,326","2,342","2,224","2,631","2,707","2,629","2,263"
"Minburn County No. 27, Alberta","2,203","2,470","2,499","2,369","2,386","2,262","2,689","2,801","2,709","2,272"
"Hanna, Alberta","2,229","2,458","2,477","2,350","2,368","2,239","2,659","2,732","2,655","2,290"
"High Prairie, Alberta","2,249","2,606","2,662","2,494","2,504","2,341","2,819","3,029","2,966","2,293"
"Lesser Slave River No. 124, Alberta","2,253","2,493","2,521","2,390","2,397","2,277","2,689","2,765","2,689","2,332"
"Thorhild County, Alberta","2,273","2,556","2,595","2,454","2,462","2,334","2,781","2,914","2,821","2,336"
"Northern Lights County, Alberta","2,337","2,658","2,694","2,557","2,563","2,400","2,887","3,048","2,971","2,386"
"Saddle Lake 125, Alberta","2,355","2,691","2,734","2,580","2,589","2,430","2,924","3,072","2,999","2,421"
"Turner Valley, Alberta","2,426","2,645","2,659","2,528","2,548","2,456","2,857","2,907","2,782","2,543"
"Big Lakes County, Alberta","2,443","2,744","2,764","2,616","2,630","2,507","2,965","3,087","2,998","2,526"
"Two Hills, Alberta","2,484","2,841","2,893","2,730","2,746","2,576","3,103","3,282","3,200","2,542"
"Jasper, Alberta","2,491","2,729","2,739","2,597","2,619","2,508","2,939","3,007","2,888","2,594"
"Bighorn No. 8, Alberta","2,522","2,763","2,807","2,667","2,688","2,519","2,992","3,063","2,971","2,587"
"Saddle Hills County, Alberta","2,526","2,850","2,885","2,735","2,751","2,594","3,098","3,242","3,160","2,592"
"Fairview, Alberta","2,542","2,858","2,893","2,730","2,752","2,599","3,098","3,241","3,151","2,605"
"Samson 137, Alberta","2,549","2,820","2,860","2,711","2,728","2,574","3,049","3,156","3,042","2,636"
"Grimshaw, Alberta","2,671","2,934","2,952","2,795","2,822","2,705","3,171","3,255","3,119","2,781"
"Smoky Lake County, Alberta","2,778","3,124","3,163","2,987","3,004","2,850","3,393","3,534","3,422","2,860"
"Redwater, Alberta","2,790","3,124","3,153","2,987","3,000","2,849","3,377","3,492","3,370","2,908"
"Siksika 146, Alberta","2,824","3,203","3,254","3,073","3,093","2,911","3,482","3,652","3,565","2,908"
"Black Diamond, Alberta","2,887","3,170","3,207","3,042","3,062","2,901","3,435","3,513","3,404","2,975"
"Wainwright No. 61, Alberta","2,912","3,231","3,264","3,093","3,114","2,966","3,494","3,625","3,510","3,004"
"Stoney 142, 143, 144, Alberta","2,932","3,291","3,334","3,142","3,159","2,998","3,573","3,718","3,604","3,025"
"Two Hills County No. 21, Alberta","2,941","3,354","3,400","3,211","3,222","3,040","3,646","3,838","3,731","3,021"
"Nanton, Alberta","3,012","3,344","3,401","3,211","3,225","3,055","3,629","3,756","3,632","3,112"
"Gibbons, Alberta","3,183","3,523","3,563","3,385","3,396","3,224","3,805","3,936","3,785","3,308"
"Bow Island, Alberta","3,250","3,726","3,785","3,583","3,590","3,369","4,054","4,298","4,185","3,333"
"Woodlands County, Alberta","3,266","3,689","3,737","3,531","3,549","3,350","3,999","4,183","4,074","3,350"
"Opportunity No. 17, Alberta","3,359","3,929","3,992","3,752","3,784","3,552","4,296","4,605","4,513","3,428"
"Coalhurst, Alberta","3,426","3,895","3,975","3,759","3,765","3,523","4,228","4,470","4,359","3,492"
"Pincher Creek, Alberta","3,461","3,861","3,908","3,708","3,720","3,526","4,192","4,340","4,218","3,551"
"Cardston County, Alberta","3,502","3,878","3,911","3,703","3,728","3,558","4,194","4,329","4,163","3,638"
"Tsuu T'ina Nation 145, Alberta","3,565","4,108","4,200","3,966","3,977","3,701","4,492","4,761","4,663","3,631"
"Didsbury, Alberta","3,660","4,007","4,040","3,832","3,860","3,696","4,327","4,429","4,248","3,824"
"Fox Lake 162, Alberta","3,664","4,352","4,444","4,180","4,203","3,908","4,769","5,180","5,089","3,717"
"Penhold, Alberta","3,748","4,132","4,175","3,971","3,980","3,788","4,456","4,586","4,407","3,905"
"Vermilion, Alberta","3,759","4,159","4,195","3,989","4,005","3,813","4,493","4,638","4,487","3,890"
"Three Hills, Alberta","3,827","4,233","4,293","4,075","4,086","3,858","4,573","4,732","4,589","3,939"
"Forty Mile County No. 8, Alberta","3,895","4,481","4,559","4,301","4,307","4,051","4,873","5,180","5,053","3,984"
"Kneehill County, Alberta","3,922","4,345","4,403","4,180","4,191","3,972","4,706","4,853","4,689","4,056"
"Picture Butte, Alberta","3,963","4,600","4,692","4,433","4,432","4,145","5,015","5,357","5,252","4,045"
"Cardston, Alberta","3,992","4,525","4,586","4,333","4,350","4,103","4,921","5,146","5,016","4,091"
"Claresholm, Alberta","4,096","4,500","4,518","4,293","4,325","4,162","4,854","4,999","4,781","4,274"
"Stettler County No. 6, Alberta","4,116","4,598","4,636","4,401","4,417","4,202","4,977","5,154","4,990","4,264"
"Vulcan County, Alberta","4,445","4,986","5,057","4,792","4,812","4,537","5,421","5,636","5,463","4,581"
"Athabasca County, Alberta","4,526","5,004","5,056","4,796","4,828","4,578","5,420","5,577","5,402","4,670"
"Willow Creek No. 26, Alberta","4,530","5,052","5,072","4,805","4,841","4,654","5,441","5,678","5,418","4,750"
"Barrhead, Alberta","4,530","5,074","5,129","4,859","4,882","4,644","5,507","5,744","5,570","4,669"
"Warner County No. 5, Alberta","4,669","5,247","5,327","5,045","5,062","4,779","5,694","5,950","5,781","4,809"
"Barrhead County No. 11, Alberta","4,702","5,300","5,377","5,088","5,114","4,826","5,768","6,014","5,853","4,834"
"Redcliff, Alberta","4,761","5,182","5,228","4,984","5,001","4,762","5,586","5,679","5,469","4,953"
"Lamont County, Alberta","4,821","5,335","5,386","5,114","5,139","4,873","5,782","5,952","5,777","4,962"
"Crowsnest Pass, Alberta","4,924","5,391","5,435","5,157","5,196","4,945","5,841","5,960","5,749","5,090"
"Stettler, Alberta","5,085","5,650","5,693","5,390","5,439","5,188","6,108","6,310","6,128","5,242"
"Vermilion River County, Alberta","5,181","5,775","5,841","5,533","5,562","5,282","6,254","6,484","6,272","5,351"
"St. Paul County No. 19, Alberta","5,229","5,820","5,878","5,560","5,601","5,329","6,308","6,517","6,307","5,416"
"Beaver County, Alberta","5,539","6,237","6,319","5,986","6,005","5,663","6,775","7,066","6,878","5,677"
"Brazeau County, Alberta","5,562","6,096","6,142","5,831","5,877","5,609","6,594","6,745","6,477","5,799"
"Cypress County, Alberta","5,701","6,335","6,435","6,101","6,113","5,766","6,864","7,100","6,906","5,858"
"St. Paul, Alberta","5,706","6,356","6,469","6,132","6,148","5,767","6,883","7,126","6,937","5,869"
"Crossfield, Alberta","5,735","6,350","6,444","6,113","6,136","5,786","6,896","7,110","6,915","5,882"
"Westlock, Alberta","5,839","6,456","6,514","6,179","6,224","5,911","7,002","7,192","6,973","6,022"
"Carstairs, Alberta","5,852","6,497","6,572","6,222","6,259","5,938","7,036","7,253","6,996","6,073"
"Vegreville, Alberta","5,872","6,497","6,538","6,206","6,236","5,963","7,018","7,216","6,960","6,087"
"Raymond, Alberta","5,982","6,833","6,955","6,562","6,594","6,187","7,447","7,855","7,671","6,119"
"Wainwright, Alberta","6,018","6,707","6,767","6,421","6,448","6,129","7,254","7,525","7,270","6,226"
"Camrose County, Alberta","6,216","6,891","6,968","6,604","6,636","6,305","7,461","7,700","7,463","6,398"
"Fort Macleod, Alberta","6,233","7,207","7,348","6,926","6,949","6,505","7,855","8,383","8,183","6,368"
"High Level, Alberta","6,295","7,151","7,251","6,856","6,880","6,498","7,744","8,166","7,925","6,489"
"Greenview No. 16, Alberta","6,334","7,056","7,144","6,780","6,805","6,444","7,649","7,933","7,705","6,509"
"Westlock County, Alberta","6,447","7,244","7,344","6,946","6,984","6,610","7,873","8,218","7,994","6,622"
"Slave Lake, Alberta","6,507","7,370","7,513","7,098","7,117","6,666","8,017","8,413","8,222","6,649"
"Clearwater County, Alberta","6,512","7,158","7,188","6,823","6,870","6,589","7,712","7,906","7,574","6,809"
"Lac la Biche County, Alberta","6,527","7,223","7,306","6,930","6,961","6,608","7,812","8,067","7,800","6,741"
"Devon, Alberta","6,671","7,384","7,468","7,082","7,114","6,778","8,000","8,263","7,941","6,935"
"Newell County, Alberta","6,952","7,805","7,897","7,484","7,515","7,134","8,470","8,824","8,512","7,213"
"Drumheller, Alberta","7,224","8,004","8,085","7,668","7,705","7,325","8,655","8,935","8,630","7,482"
"Yellowhead County, Alberta","7,486","8,321","8,417","7,980","8,027","7,600","9,026","9,336","9,068","7,694"
"Peace River, Alberta","7,516","8,587","8,753","8,261","8,294","7,758","9,338","9,884","9,654","7,673"
"Edson, Alberta","7,538","8,333","8,438","8,012","8,037","7,595","9,007","9,281","9,004","7,766"
"Hinton, Alberta","7,572","8,444","8,565","8,122","8,140","7,693","9,130","9,487","9,206","7,800"
"Olds, Alberta","7,870","8,655","8,716","8,271","8,314","7,959","9,320","9,584","9,204","8,200"
"Morinville, Alberta","8,658","9,572","9,640","9,133","9,198","8,809","10,330","10,660","10,214","9,050"
"Whitecourt, Alberta","8,888","9,884","9,994","9,479","9,517","9,040","10,702","11,073","10,723","9,188"
"Bonnyville No. 87, Alberta","9,047","9,942","10,047","9,547","9,579","9,097","10,732","11,004","10,646","9,343"
"Drayton Valley, Alberta","9,104","9,983","10,061","9,561","9,598","9,187","10,760","11,037","10,602","9,481"
"Ponoka County, Alberta","9,333","10,417","10,550","9,993","10,038","9,484","11,287","11,691","11,388","9,571"
"Ponoka, Alberta","9,474","10,513","10,645","10,098","10,135","9,600","11,371","11,765","11,398","9,772"
"Innisfail, Alberta","9,496","10,476","10,582","10,047","10,096","9,597","11,331","11,643","11,237","9,855"
"Lethbridge County, Alberta","9,856","11,197","11,377","10,765","10,800","10,132","12,188","12,803","12,491","10,073"
"Coaldale, Alberta","9,943","11,197","11,346","10,746","10,784","10,185","12,146","12,682","12,329","10,241"
"Lacombe County, Alberta","10,016","11,170","11,316","10,712","10,771","10,190","12,123","12,565","12,194","10,318"
"Bonnyville, Alberta","10,114","11,365","11,544","10,917","10,948","10,339","12,327","12,863","12,500","10,405"
"Wheatland County, Alberta","11,095","12,508","12,691","12,011","12,048","11,355","13,589","14,191","13,834","11,367"
"Rocky Mountain House, Alberta","11,499","13,027","13,221","12,491","12,551","11,824","14,154","14,859","14,488","11,778"
"Taber, Alberta","13,016","14,745","14,986","14,168","14,219","13,362","16,020","16,822","16,390","13,329"
"Lac Ste. Anne County, Alberta","13,708","15,425","15,610","14,757","14,832","14,062","16,746","17,472","16,959","14,130"
"Blackfalds, Alberta","13,916","15,664","15,890","15,037","15,096","14,246","16,983","17,757","17,281","14,287"
"Wetaskiwin, Alberta","14,525","16,045","16,195","15,367","15,449","14,701","17,351","17,856","17,237","15,047"
"Lacombe, Alberta","15,104","16,896","17,102","16,180","16,265","15,432","18,313","19,035","18,438","15,599"
"Wetaskiwin County No. 10, Alberta","15,617","17,093","17,229","16,362","16,450","15,710","18,447","18,855","18,193","16,182"
"High River, Alberta","15,642","17,092","17,214","16,346","16,442","15,757","18,426","18,829","18,075","16,300"
"Banff, Alberta","15,773","17,381","17,713","16,840","16,830","15,737","18,809","19,333","18,813","16,182"
"Sturgeon County, Alberta","15,953","17,690","17,865","16,938","17,020","16,172","19,153","19,752","19,118","16,484"
"Mountain View County, Alberta","16,208","17,765","17,928","17,044","17,121","16,280","19,207","19,627","18,941","16,786"
"Lloydminster (Part), Alberta","17,008","19,058","19,281","18,247","18,332","17,428","20,598","21,499","20,780","17,633"
"Mackenzie County, Alberta","17,957","21,009","21,413","20,145","20,243","18,951","22,965","24,679","24,202","18,273"
"Strathmore, Alberta","18,079","20,095","20,325","19,268","19,361","18,364","21,756","22,499","21,833","18,617"
"Canmore, Alberta","18,137","19,817","19,973","18,942","19,071","18,212","21,412","21,826","21,084","18,766"
"Sylvan Lake, Alberta","19,106","21,105","21,319","20,193","20,321","19,336","22,815","23,496","22,767","19,706"
"Stony Plain, Alberta","19,198","21,012","21,100","20,031","20,175","19,413","22,631","23,156","22,151","20,106"
"Camrose, Alberta","19,941","22,134","22,353","21,172","21,291","20,263","23,937","24,753","23,942","20,612"
"Cold Lake, Alberta","20,056","22,888","23,326","22,031","22,084","20,672","24,888","26,292","25,702","20,473"
"Red Deer County, Alberta","20,247","22,522","22,730","21,539","21,656","20,629","24,367","25,224","24,347","20,989"
"Leduc County, Alberta","20,415","22,627","22,894","21,712","21,818","20,654","24,524","25,279","24,539","21,009"
"Brooks, Alberta","23,318","26,437","26,999","25,570","25,567","23,861","28,685","30,193","29,484","23,837"
"Grande Prairie County No. 1, Alberta","25,067","27,855","28,156","26,685","26,830","25,489","30,175","31,181","30,116","25,965"
"Foothills County, Alberta","26,308","28,760","28,920","27,462","27,652","26,478","31,080","31,661","30,469","27,352"
"Parkland County, Alberta","27,498","30,442","30,768","29,190","29,345","27,806","33,007","33,939","32,940","28,321"
"Okotoks, Alberta","34,534","38,231","38,571","36,568","36,795","35,069","41,393","42,628","41,187","35,754"
"Fort Saskatchewan, Alberta","35,370","39,372","39,884","37,801","37,946","35,903","42,632","44,155","42,869","36,423"
"Beaumont, Alberta","45,015","50,491","51,260","48,550","48,727","45,882","54,827","57,063","55,567","46,168"
"Leduc, Alberta","55,367","61,596","62,336","59,071","59,344","56,256","66,677","69,023","66,861","57,152"
"Spruce Grove, Alberta","59,711","66,581","67,416","63,858","64,158","60,709","72,153","74,778","72,616","61,450"
"Cochrane, Alberta","63,330","69,947","70,519","66,893","67,267","64,228","75,531","77,833","74,737","66,029"
"Medicine Hat, Alberta","64,801","71,658","72,461","68,730","69,027","65,538","77,441","79,858","77,225","67,003"
"Chestermere, Alberta","66,238","74,138","75,284","71,358","71,565","67,348","80,409","83,570","81,264","68,064"
"Grande Prairie, Alberta","67,661","76,101","77,440","73,298","73,444","68,944","82,520","86,240","84,163","69,218"
"Rocky View County, Alberta","74,794","82,524","83,356","79,116","79,523","75,463","89,399","91,736","88,808","77,230"
"St. Albert, Alberta","76,238","84,281","85,029","80,667","81,120","77,285","91,150","93,854","90,376","79,237"
"Wood Buffalo, Alberta","85,976","97,296","99,221","93,897","94,005","87,819","105,663","110,908","108,520","87,667"
"Strathcona County, Alberta","100,351","110,662","111,649","105,973","106,558","101,498","119,677","122,928","118,518","104,137"
"Red Deer, Alberta","126,173","140,427","142,248","134,807","135,327","128,001","152,041","157,462","152,854","129,905"
"Lethbridge, Alberta","137,774","154,090","156,443","148,190","148,594","139,939","166,994","173,655","169,047","141,371"
"Airdrie, Alberta","148,681","166,069","168,452","159,629","160,219","151,129","180,081","186,892","181,754","152,736"
"Edmonton, Alberta","1,803,134","2,022,188","2,055,470","1,946,967","1,951,886","1,833,631","2,193,918","2,285,096","2,227,623","1,846,898"
"Calgary, Alberta","2,309,334","2,581,573","2,622,510","2,485,387","2,492,208","2,343,575","2,800,058","2,908,105","2,831,931","2,368,327"
"Wabamun 133A, Alberta",784E,907E,917E,863E,864E,818E,988E,"1,045E","1,020E",800E
